poster,url,description,carve
1,https://www.youtube.com/embed/7a0hbT0QtSw,cool video,1
1,https://www.youtube.com/embed/7a0hbT0QtSw,cool video,2
1,https://www.youtube.com/embed/7a0hbT0QtSw,cool video,3
8,https://www.youtube.com/embed/7a0hbT0QtSw,filler video,15
2,https://www.youtube.com/embed/7a0hbT0QtSw,filler video,16
3,https://www.youtube.com/embed/7a0hbT0QtSw,filler video,17
4,https://www.youtube.com/embed/7a0hbT0QtSw,filler video,18
5,https://www.youtube.com/embed/7a0hbT0QtSw,filler video,19
6,https://www.youtube.com/embed/7a0hbT0QtSw,filler video,20
7,https://www.youtube.com/embed/7a0hbT0QtSw,filler video,21
9,https://www.youtube.com/embed/7a0hbT0QtSw,filler video,22
10,https://www.youtube.com/embed/7a0hbT0QtSw,filler video,23
11,https://www.youtube.com/embed/7a0hbT0QtSw,filler video,24
12,https://www.youtube.com/embed/7a0hbT0QtSw,filler video,25
1,https://www.youtube.com/embed/7a0hbT0QtSw,filler video,26
1,https://www.youtube.com/embed/7a0hbT0QtSw,filler video,27
1,https://www.youtube.com/embed/7a0hbT0QtSw,filler video,28
1,https://www.youtube.com/embed/7a0hbT0QtSw,filler video,29
3,https://www.youtube.com/embed/7a0hbT0QtSw,filler video,4
23,https://www.youtube.com/embed/7a0hbT0QtSw,filler video,5
7,https://www.youtube.com/embed/7a0hbT0QtSw,filler video,6
34,https://www.youtube.com/embed/7a0hbT0QtSw,filler video,7
35,https://www.youtube.com/embed/7a0hbT0QtSw,filler video,8
40,https://www.youtube.com/embed/7a0hbT0QtSw,filler video,2
1,https://www.youtube.com/watch?v=AQkbbtDoPq0,filler video,1
1,https://www.youtube.com/watch?v=AQkbbtDoPq0,filler video,2
1,https://www.youtube.com/watch?v=AQkbbtDoPq0,filler video,3
1,https://www.youtube.com/watch?v=AQkbbtDoPq0,filler video,4
1,https://www.youtube.com/watch?v=AQkbbtDoPq0,filler video,5
2,https://www.youtube.com/watch?v=AQkbbtDoPq0,filler video,6
2,https://www.youtube.com/watch?v=AQkbbtDoPq0,filler video,7
2,https://www.youtube.com/watch?v=AQkbbtDoPq0,filler video,8
2,https://www.youtube.com/watch?v=AQkbbtDoPq0,filler video,9
2,https://www.youtube.com/watch?v=AQkbbtDoPq0,filler video,10
3,https://www.youtube.com/watch?v=AQkbbtDoPq0,filler video,11
4,https://www.youtube.com/watch?v=AQkbbtDoPq0,filler video,12
5,https://www.youtube.com/watch?v=AQkbbtDoPq0,filler video,13
6,https://www.youtube.com/watch?v=AQkbbtDoPq0,filler video,14
7,https://www.youtube.com/watch?v=AQkbbtDoPq0,filler video,15
8,https://www.youtube.com/watch?v=AQkbbtDoPq0,filler video,16
2,https://www.youtube.com/watch?v=AQkbbtDoPq0,filler video,17
3,https://www.youtube.com/watch?v=AQkbbtDoPq0,filler video,18
4,https://www.youtube.com/watch?v=AQkbbtDoPq0,filler video,19
5,https://www.youtube.com/watch?v=AQkbbtDoPq0,filler video,20
6,https://www.youtube.com/watch?v=AQkbbtDoPq0,filler video,21
7,https://www.youtube.com/watch?v=AQkbbtDoPq0,filler video,22
9,https://www.youtube.com/watch?v=AQkbbtDoPq0,filler video,23
10,https://www.youtube.com/watch?v=AQkbbtDoPq0,filler video,24
11,https://www.youtube.com/watch?v=AQkbbtDoPq0,filler video,25
12,https://www.youtube.com/watch?v=AQkbbtDoPq0,filler video,26
1,https://www.youtube.com/watch?v=AQkbbtDoPq0,filler video,27
1,https://www.youtube.com/watch?v=AQkbbtDoPq0,filler video,28
1,https://www.youtube.com/watch?v=AQkbbtDoPq0,filler video,29
1,https://www.youtube.com/watch?v=AQkbbtDoPq0,filler video,30
2,https://www.youtube.com/watch?v=AQkbbtDoPq0,filler video,31
3,https://www.youtube.com/watch?v=AQkbbtDoPq0,filler video,32
4,https://www.youtube.com/watch?v=AQkbbtDoPq0,filler video,33
5,https://www.youtube.com/watch?v=AQkbbtDoPq0,filler video,34
6,https://www.youtube.com/watch?v=AQkbbtDoPq0,filler video,35
7,https://www.youtube.com/watch?v=AQkbbtDoPq0,filler video,36
8,https://www.youtube.com/watch?v=AQkbbtDoPq0,filler video,37
9,https://www.youtube.com/watch?v=AQkbbtDoPq0,filler video,38
10,https://www.youtube.com/watch?v=AQkbbtDoPq0,filler video,39
11,https://www.youtube.com/watch?v=AQkbbtDoPq0,filler video,40
12,https://www.youtube.com/watch?v=AQkbbtDoPq0,filler video,41
13,https://www.youtube.com/watch?v=AQkbbtDoPq0,filler video,42
14,https://www.youtube.com/watch?v=AQkbbtDoPq0,filler video,43
15,https://www.youtube.com/watch?v=AQkbbtDoPq0,filler video,44
16,https://www.youtube.com/watch?v=AQkbbtDoPq0,filler video,45
17,https://www.youtube.com/watch?v=AQkbbtDoPq0,filler video,46
18,https://www.youtube.com/watch?v=AQkbbtDoPq0,filler video,47
19,https://www.youtube.com/watch?v=AQkbbtDoPq0,filler video,48
20,https://www.youtube.com/watch?v=AQkbbtDoPq0,filler video,49
21,https://www.youtube.com/watch?v=AQkbbtDoPq0,filler video,50
22,https://www.youtube.com/watch?v=AQkbbtDoPq0,filler video,51
23,https://www.youtube.com/watch?v=AQkbbtDoPq0,filler video,52
24,https://www.youtube.com/watch?v=AQkbbtDoPq0,filler video,53
25,https://www.youtube.com/watch?v=AQkbbtDoPq0,filler video,54
26,https://www.youtube.com/watch?v=AQkbbtDoPq0,filler video,55
27,https://www.youtube.com/watch?v=AQkbbtDoPq0,filler video,56
28,https://www.youtube.com/watch?v=AQkbbtDoPq0,filler video,57
29,https://www.youtube.com/watch?v=AQkbbtDoPq0,filler video,58
30,https://www.youtube.com/watch?v=AQkbbtDoPq0,filler video,59
31,https://www.youtube.com/watch?v=AQkbbtDoPq0,filler video,60
32,https://www.youtube.com/watch?v=AQkbbtDoPq0,filler video,61
33,https://www.youtube.com/watch?v=AQkbbtDoPq0,filler video,62
34,https://www.youtube.com/watch?v=AQkbbtDoPq0,filler video,63
35,https://www.youtube.com/watch?v=AQkbbtDoPq0,filler video,64
36,https://www.youtube.com/watch?v=AQkbbtDoPq0,filler video,65
37,https://www.youtube.com/watch?v=AQkbbtDoPq0,filler video,66
38,https://www.youtube.com/watch?v=AQkbbtDoPq0,filler video,67
39,https://www.youtube.com/watch?v=AQkbbtDoPq0,filler video,68
40,https://www.youtube.com/watch?v=AQkbbtDoPq0,filler video,69
41,https://www.youtube.com/watch?v=AQkbbtDoPq0,filler video,70
42,https://www.youtube.com/watch?v=AQkbbtDoPq0,filler video,71
43,https://www.youtube.com/watch?v=AQkbbtDoPq0,filler video,72
44,https://www.youtube.com/watch?v=AQkbbtDoPq0,filler video,73
45,https://www.youtube.com/watch?v=AQkbbtDoPq0,filler video,74
46,https://www.youtube.com/watch?v=AQkbbtDoPq0,filler video,75
47,https://www.youtube.com/watch?v=AQkbbtDoPq0,filler video,76
48,https://www.youtube.com/watch?v=AQkbbtDoPq0,filler video,77
49,https://www.youtube.com/watch?v=AQkbbtDoPq0,filler video,78
50,https://www.youtube.com/watch?v=AQkbbtDoPq0,filler video,79
51,https://www.youtube.com/watch?v=AQkbbtDoPq0,filler video,80
52,https://www.youtube.com/watch?v=AQkbbtDoPq0,filler video,81
53,https://www.youtube.com/watch?v=AQkbbtDoPq0,filler video,82
54,https://www.youtube.com/watch?v=AQkbbtDoPq0,filler video,83
55,https://www.youtube.com/watch?v=AQkbbtDoPq0,filler video,84
56,https://www.youtube.com/watch?v=AQkbbtDoPq0,filler video,85
57,https://www.youtube.com/watch?v=AQkbbtDoPq0,filler video,86
58,https://www.youtube.com/watch?v=AQkbbtDoPq0,filler video,87
59,https://www.youtube.com/watch?v=AQkbbtDoPq0,filler video,88
60,https://www.youtube.com/watch?v=AQkbbtDoPq0,filler video,89
61,https://www.youtube.com/watch?v=AQkbbtDoPq0,filler video,90
62,https://www.youtube.com/watch?v=AQkbbtDoPq0,filler video,91
63,https://www.youtube.com/watch?v=AQkbbtDoPq0,filler video,92
64,https://www.youtube.com/watch?v=AQkbbtDoPq0,filler video,93
65,https://www.youtube.com/watch?v=AQkbbtDoPq0,filler video,94
66,https://www.youtube.com/watch?v=AQkbbtDoPq0,filler video,95
67,https://www.youtube.com/watch?v=AQkbbtDoPq0,filler video,96
68,https://www.youtube.com/watch?v=AQkbbtDoPq0,filler video,97
69,https://www.youtube.com/watch?v=AQkbbtDoPq0,filler video,98
70,https://www.youtube.com/watch?v=AQkbbtDoPq0,filler video,99
71,https://www.youtube.com/watch?v=AQkbbtDoPq0,filler video,100