poster,carve,comment
1,1,carve comment something witty goes here
1,2,carve comment something witty goes here
1,3,carve comment something witty goes here
1,4,carve comment something witty goes here
1,5,carve comment something witty goes here
1,6,carve comment something witty goes here
2,7,carve comment something witty goes here
3,8,carve comment something witty goes here
4,1,carve comment something witty goes here
5,2,carve comment something witty goes here
1,3,carve comment something witty goes here
2,4,carve comment something witty goes here
3,5,carve comment something witty goes here
4,6,carve comment something witty goes here
5,7,carve comment something witty goes here
1,8,carve comment something witty goes here
2,9,carve comment something witty goes here
3,1,carve comment something witty goes here
4,2,carve comment something witty goes here
5,3,carve comment something witty goes here
