poster,carve,comment
1,1,carve comment something witty goes here
1,2,carve comment something witty goes here
1,3,carve comment something witty goes here
1,4,carve comment something witty goes here
1,5,carve comment something witty goes here
1,6,carve comment something witty goes here
2,7,carve comment something witty goes here
3,8,carve comment something witty goes here
4,1,carve comment something witty goes here
5,2,carve comment something witty goes here
1,3,carve comment something witty goes here
2,4,carve comment something witty goes here
3,5,carve comment something witty goes here
4,6,carve comment something witty goes here
5,7,carve comment something witty goes here
1,8,carve comment something witty goes here
2,9,carve comment something witty goes here
3,1,carve comment something witty goes here
4,2,carve comment something witty goes here
5,3,carve comment something witty goes here
1,1,carve comment something witty goes here
1,2,carve comment something witty goes here
1,3,carve comment something witty goes here
1,4,carve comment something witty goes here
1,5,carve comment something witty goes here
1,6,carve comment something witty goes here
1,7,carve comment something witty goes here
1,8,carve comment something witty goes here
1,9,carve comment something witty goes here
1,1,carve comment something witty goes here
1,2,carve comment something witty goes here
2,3,carve comment something witty goes here
2,4,carve comment something witty goes here
2,5,carve comment something witty goes here
2,6,carve comment something witty goes here
2,7,carve comment something witty goes here
2,8,carve comment something witty goes here
2,9,carve comment something witty goes here
2,1,carve comment something witty goes here
2,2,carve comment something witty goes here
2,3,carve comment something witty goes here
2,4,carve comment something witty goes here
2,1,carve comment something witty goes here
1,2,carve comment something witty goes here
1,3,carve comment something witty goes here
1,4,carve comment something witty goes here
1,5,carve comment something witty goes here
1,6,carve comment something witty goes here
1,7,carve comment something witty goes here
1,8,carve comment something witty goes here
1,9,carve comment something witty goes here
1,1,carve comment something witty goes here
1,2,carve comment something witty goes here
1,3,carve comment something witty goes here
2,4,carve comment something witty goes here
2,5,carve comment something witty goes here
2,6,carve comment something witty goes here
2,7,carve comment something witty goes here
2,8,carve comment something witty goes here
2,9,carve comment something witty goes here
2,1,carve comment something witty goes here
2,2,carve comment something witty goes here
2,3,carve comment something witty goes here
2,4,carve comment something witty goes here
2,1,carve comment something witty goes here
2,2,carve comment something witty goes here
2,3,carve comment something witty goes here
1,4,carve comment something witty goes here
1,5,carve comment something witty goes here
1,6,carve comment something witty goes here
1,7,carve comment something witty goes here
1,8,carve comment something witty goes here
1,9,carve comment something witty goes here
1,1,carve comment something witty goes here
1,2,carve comment something witty goes here
1,3,carve comment something witty goes here
1,4,carve comment something witty goes here
1,5,carve comment something witty goes here
2,6,carve comment something witty goes here
2,7,carve comment something witty goes here
2,8,carve comment something witty goes here
2,9,carve comment something witty goes here
2,1,carve comment something witty goes here
2,2,carve comment something witty goes here
2,3,carve comment something witty goes here
2,4,carve comment something witty goes here
2,2,carve comment something witty goes here
2,5,carve comment something witty goes here
2,6,carve comment something witty goes here
2,8,carve comment something witty goes here
1,1,carve comment something witty goes here
1,2,carve comment something witty goes here
1,3,carve comment something witty goes here
1,4,carve comment something witty goes here
1,5,carve comment something witty goes here
2,6,carve comment something witty goes here
2,7,carve comment something witty goes here
2,8,carve comment something witty goes here
2,9,carve comment something witty goes here
2,10,carve comment something witty goes here
3,11,carve comment something witty goes here
4,12,carve comment something witty goes here
5,13,carve comment something witty goes here
6,14,carve comment something witty goes here
7,15,carve comment something witty goes here
8,16,carve comment something witty goes here
2,17,carve comment something witty goes here
3,18,carve comment something witty goes here
4,19,carve comment something witty goes here
5,20,carve comment something witty goes here
6,21,carve comment something witty goes here
7,22,carve comment something witty goes here
9,23,carve comment something witty goes here
10,24,carve comment something witty goes here
11,25,carve comment something witty goes here
12,26,carve comment something witty goes here
1,27,carve comment something witty goes here
1,28,carve comment something witty goes here
1,29,carve comment something witty goes here
1,30,carve comment something witty goes here
2,31,carve comment something witty goes here
3,21,carve comment something witty goes here
4,33,carve comment something witty goes here
5,34,carve comment something witty goes here
6,35,carve comment something witty goes here
7,36,carve comment something witty goes here
8,37,carve comment something witty goes here
9,38,carve comment something witty goes here
10,39,carve comment something witty goes here
11,40,carve comment something witty goes here
12,41,carve comment something witty goes here
13,42,carve comment something witty goes here
14,43,carve comment something witty goes here
15,44,carve comment something witty goes here
16,45,carve comment something witty goes here
17,46,carve comment something witty goes here
18,47,carve comment something witty goes here
19,48,carve comment something witty goes here
20,49,carve comment something witty goes here
21,50,carve comment something witty goes here
22,51,carve comment something witty goes here
23,52,carve comment something witty goes here
24,53,carve comment something witty goes here
25,54,carve comment something witty goes here
26,55,carve comment something witty goes here
27,56,carve comment something witty goes here
28,57,carve comment something witty goes here
29,58,carve comment something witty goes here
30,59,carve comment something witty goes here
31,60,carve comment something witty goes here
32,61,carve comment something witty goes here
33,62,carve comment something witty goes here
34,63,carve comment something witty goes here
35,64,carve comment something witty goes here
36,65,carve comment something witty goes here
37,66,carve comment something witty goes here
38,67,carve comment something witty goes here
39,68,carve comment something witty goes here
40,69,carve comment something witty goes here
41,70,carve comment something witty goes here
42,71,carve comment something witty goes here
43,72,carve comment something witty goes here
44,73,carve comment something witty goes here
45,74,carve comment something witty goes here
46,75,carve comment something witty goes here
47,76,carve comment something witty goes here
48,77,carve comment something witty goes here
49,78,carve comment something witty goes here
50,79,carve comment something witty goes here
51,80,carve comment something witty goes here
52,81,carve comment something witty goes here
53,82,carve comment something witty goes here
54,83,carve comment something witty goes here
55,84,carve comment something witty goes here
56,85,carve comment something witty goes here
57,86,carve comment something witty goes here
58,87,carve comment something witty goes here
59,88,carve comment something witty goes here
60,89,carve comment something witty goes here
61,90,carve comment something witty goes here
62,91,carve comment something witty goes here
63,92,carve comment something witty goes here
64,93,carve comment something witty goes here
65,94,carve comment something witty goes here
66,95,carve comment something witty goes here
67,96,carve comment something witty goes here
68,97,carve comment something witty goes here
69,98,carve comment something witty goes here
70,99,carve comment something witty goes here
71,100,carve comment something witty goes here
