poster,profile,comment
1,1,profile wall post equivalent something goes here
1,2,profile wall post equivalent something goes here
1,3,profile wall post equivalent something goes here
1,4,profile wall post equivalent something goes here
1,5,profile wall post equivalent something goes here
1,6,profile wall post equivalent something goes here
2,7,profile wall post equivalent something goes here
3,8,profile wall post equivalent something goes here
4,1,profile wall post equivalent something goes here
5,2,profile wall post equivalent something goes here
1,3,profile wall post equivalent something goes here
2,4,profile wall post equivalent something goes here
3,5,profile wall post equivalent something goes here
4,6,profile wall post equivalent something goes here
5,7,profile wall post equivalent something goes here
1,8,profile wall post equivalent something goes here
2,9,profile wall post equivalent something goes here
3,1,profile wall post equivalent something goes here
4,2,profile wall post equivalent something goes here
5,3,profile wall post equivalent something goes here
