poster,url,description,profile
1,www.youtube.com,cool video,
1,www.youtube.com,cool video,
1,www.youtube.com,cool video,1
8,https://www.youtube.com/watch?v=WvGopsM1G9g ,filler video,8
2,https://www.youtube.com/watch?v=tHHxTHZwFUw,filler video,2
3,https://www.youtube.com/watch?v=NQZJ0zbouIg,filler video,3
4,https://www.youtube.com/watch?v=RRZ39KS6Vpk,filler video,4
5,https://www.youtube.com/watch?v=YThX7_8I3m0,filler video,5
6,https://www.youtube.com/watch?v=pBUGyN6d1xU,filler video,6
7,https://www.youtube.com/watch?v=trzTOlZtUYc,filler video,7
9,https://www.youtube.com/watch?v=NQZJ0zbouIg,filler video,9
10,https://www.youtube.com/watch?v=WvGopsM1G9g ,filler video,10
11,https://www.youtube.com/watch?v=tHHxTHZwFUw,filler video,11
12,https://www.youtube.com/watch?v=NQZJ0zbouIg,filler video,12
1,https://www.youtube.com/watch?v=ul8h5xTtSzE,filler video,1
1,https://www.youtube.com/watch?v=YThX7_8I3m0,filler video,1
1,https://www.youtube.com/watch?v=pBUGyN6d1xU,filler video,1
1,https://www.youtube.com/watch?v=trzTOlZtUYc,filler video,1
3,https://www.youtube.com/watch?v=tHHxTHZwFUw,filler video,3
23,https://www.youtube.com/watch?v=YThX7_8I3m0,filler video,23
7,https://www.youtube.com/watch?v=tHHxTHZwFUw,filler video,7
34,https://www.youtube.com/watch?v=RRZ39KS6Vpk,filler video,34
35,https://www.youtube.com/watch?v=RRZ39KS6Vpk,filler video,35
40,https://www.youtube.com/watch?v=trzTOlZtUYc,filler video,40
